Dataset,LM_model,LM_output_type,Feature,Classifier,Precision,Recall,F1_score
EBG obfuscated,BERT base,probs,Bins 0.005,GNB,0.8717948717948718,0.7234042553191491,0.7906976744186047
EBG obfuscated,BERT base,probs,Bins 0.001,GNB,0.9230769230769232,0.5106382978723404,0.6575342465753424
EBG obfuscated,BERT base,probs,VGG19,GNB,0.8636363636363636,0.8085106382978723,0.8351648351648351
EBG obfuscated,BERT base,probs,Bins 0.010,GNB,0.8947368421052632,0.7234042553191491,0.8
EBG obfuscated,BERT base,probs,Bins 0.005,KNN,0.875,0.7446808510638298,0.8045977011494252
EBG obfuscated,BERT base,probs,Bins 0.001,KNN,0.8809523809523809,0.7872340425531915,0.8314606741573034
EBG obfuscated,BERT base,probs,VGG19,KNN,0.8809523809523809,0.7872340425531915,0.8314606741573034
EBG obfuscated,BERT base,probs,Bins 0.010,KNN,0.8780487804878049,0.7659574468085106,0.8181818181818182
EBG obfuscated,BERT base,probs,Bins 0.005,ANN,0.7954545454545454,0.7446808510638298,0.7692307692307692
EBG obfuscated,BERT base,probs,Bins 0.001,ANN,0.8604651162790697,0.7872340425531915,0.8222222222222222
EBG obfuscated,BERT base,probs,VGG19,ANN,0.85,0.7234042553191491,0.7816091954022989
EBG obfuscated,BERT base,probs,Bins 0.010,ANN,0.8444444444444444,0.8085106382978723,0.8260869565217391
EBG obfuscated,BERT base,probs,Bins 0.005,SVM,0.9642857142857144,0.5744680851063829,0.7200000000000001
EBG obfuscated,BERT base,probs,Bins 0.001,SVM,0.9583333333333334,0.4893617021276596,0.6478873239436619
EBG obfuscated,BERT base,probs,VGG19,SVM,0.875,0.7446808510638298,0.8045977011494252
EBG obfuscated,BERT base,probs,Bins 0.010,SVM,0.9354838709677421,0.6170212765957447,0.7435897435897436
EBG obfuscated,BERT base,probs,Bins 0.005,RFC,0.8571428571428571,0.6382978723404256,0.7317073170731707
EBG obfuscated,BERT base,probs,Bins 0.001,RFC,1.0,0.4893617021276596,0.6571428571428571
EBG obfuscated,BERT base,probs,VGG19,RFC,0.8809523809523809,0.7872340425531915,0.8314606741573034
EBG obfuscated,BERT base,probs,Bins 0.010,RFC,0.8787878787878788,0.6170212765957447,0.7250000000000001
EBG obfuscated,BERT base,ranks,Bins 50,GNB,0.12359550561797752,0.2340425531914893,0.16176470588235295
EBG obfuscated,BERT base,ranks,Bins 10,GNB,0.2368421052631579,0.1914893617021277,0.2117647058823529
EBG obfuscated,BERT base,ranks,VGG19,GNB,0.9696969696969696,0.6808510638297872,0.7999999999999999
EBG obfuscated,BERT base,ranks,Bins 100,GNB,0.4067796610169492,0.5106382978723404,0.4528301886792453
EBG obfuscated,BERT base,ranks,Bins 50,KNN,0.8205128205128205,0.6808510638297872,0.7441860465116279
EBG obfuscated,BERT base,ranks,Bins 10,KNN,0.7826086956521741,0.7659574468085106,0.7741935483870968
EBG obfuscated,BERT base,ranks,VGG19,KNN,0.9629629629629628,0.5531914893617021,0.7027027027027027
EBG obfuscated,BERT base,ranks,Bins 100,KNN,0.8048780487804879,0.7021276595744681,0.7500000000000001
EBG obfuscated,BERT base,ranks,Bins 50,ANN,0.9230769230769232,0.7659574468085106,0.8372093023255814
EBG obfuscated,BERT base,ranks,Bins 10,ANN,0.7407407407407407,0.851063829787234,0.7920792079207921
EBG obfuscated,BERT base,ranks,VGG19,ANN,0.9705882352941176,0.7021276595744681,0.8148148148148149
EBG obfuscated,BERT base,ranks,Bins 100,ANN,1.0,0.7446808510638298,0.8536585365853657
EBG obfuscated,BERT base,ranks,Bins 50,SVM,1.0,0.44680851063829785,0.6176470588235294
EBG obfuscated,BERT base,ranks,Bins 10,SVM,0.9583333333333334,0.4893617021276596,0.6478873239436619
EBG obfuscated,BERT base,ranks,VGG19,SVM,0.972972972972973,0.7659574468085106,0.8571428571428571
EBG obfuscated,BERT base,ranks,Bins 100,SVM,1.0,0.40425531914893614,0.5757575757575757
EBG obfuscated,BERT base,ranks,Bins 50,RFC,1.0,0.5319148936170213,0.6944444444444444
EBG obfuscated,BERT base,ranks,Bins 10,RFC,1.0,0.3191489361702128,0.4838709677419356
EBG obfuscated,BERT base,ranks,VGG19,RFC,0.9714285714285714,0.7234042553191491,0.8292682926829269
EBG obfuscated,BERT base,ranks,Bins 100,RFC,1.0,0.5957446808510638,0.7466666666666666
EBG obfuscated,BERT large,probs,Bins 0.005,GNB,0.825,0.7021276595744681,0.7586206896551724
EBG obfuscated,BERT large,probs,Bins 0.001,GNB,0.85,0.7234042553191491,0.7816091954022989
EBG obfuscated,BERT large,probs,VGG19,GNB,0.8163265306122449,0.851063829787234,0.8333333333333334
EBG obfuscated,BERT large,probs,Bins 0.010,GNB,0.85,0.7234042553191491,0.7816091954022989
EBG obfuscated,BERT large,probs,Bins 0.005,KNN,0.8695652173913043,0.851063829787234,0.8602150537634409
EBG obfuscated,BERT large,probs,Bins 0.001,KNN,0.851063829787234,0.851063829787234,0.8510638297872339
EBG obfuscated,BERT large,probs,VGG19,KNN,0.8222222222222222,0.7872340425531915,0.8043478260869565
EBG obfuscated,BERT large,probs,Bins 0.010,KNN,0.8666666666666667,0.8297872340425532,0.8478260869565217
EBG obfuscated,BERT large,probs,Bins 0.005,ANN,0.8222222222222222,0.7872340425531915,0.8043478260869565
EBG obfuscated,BERT large,probs,Bins 0.001,ANN,0.8444444444444444,0.8085106382978723,0.8260869565217391
EBG obfuscated,BERT large,probs,VGG19,ANN,0.78,0.8297872340425532,0.8041237113402062
EBG obfuscated,BERT large,probs,Bins 0.010,ANN,0.8478260869565217,0.8297872340425532,0.8387096774193549
EBG obfuscated,BERT large,probs,Bins 0.005,SVM,1.0,0.6170212765957447,0.763157894736842
EBG obfuscated,BERT large,probs,Bins 0.001,SVM,1.0,0.4893617021276596,0.6571428571428571
EBG obfuscated,BERT large,probs,VGG19,SVM,0.7843137254901961,0.851063829787234,0.8163265306122448
EBG obfuscated,BERT large,probs,Bins 0.010,SVM,0.967741935483871,0.6382978723404256,0.7692307692307693
EBG obfuscated,BERT large,probs,Bins 0.005,RFC,0.8611111111111112,0.6595744680851063,0.7469879518072289
EBG obfuscated,BERT large,probs,Bins 0.001,RFC,0.96,0.5106382978723404,0.6666666666666666
EBG obfuscated,BERT large,probs,VGG19,RFC,0.7872340425531915,0.7872340425531915,0.7872340425531915
EBG obfuscated,BERT large,probs,Bins 0.010,RFC,0.8974358974358975,0.7446808510638298,0.813953488372093
EBG obfuscated,BERT large,ranks,Bins 50,GNB,0.4782608695652174,0.4680851063829787,0.4731182795698925
EBG obfuscated,BERT large,ranks,Bins 10,GNB,0.3333333333333333,0.40425531914893614,0.3653846153846153
EBG obfuscated,BERT large,ranks,VGG19,GNB,1.0,0.7659574468085106,0.8674698795180723
EBG obfuscated,BERT large,ranks,Bins 100,GNB,0.6382978723404256,0.6382978723404256,0.6382978723404256
EBG obfuscated,BERT large,ranks,Bins 50,KNN,0.7959183673469388,0.8297872340425532,0.8125
EBG obfuscated,BERT large,ranks,Bins 10,KNN,0.8837209302325582,0.8085106382978723,0.8444444444444444
EBG obfuscated,BERT large,ranks,VGG19,KNN,1.0,0.7446808510638298,0.8536585365853657
EBG obfuscated,BERT large,ranks,Bins 100,KNN,0.8444444444444444,0.8085106382978723,0.8260869565217391
EBG obfuscated,BERT large,ranks,Bins 50,ANN,0.8571428571428571,0.8936170212765957,0.875
EBG obfuscated,BERT large,ranks,Bins 10,ANN,0.8636363636363636,0.8085106382978723,0.8351648351648351
EBG obfuscated,BERT large,ranks,VGG19,ANN,0.9487179487179488,0.7872340425531915,0.8604651162790696
EBG obfuscated,BERT large,ranks,Bins 100,ANN,0.9230769230769232,0.7659574468085106,0.8372093023255814
EBG obfuscated,BERT large,ranks,Bins 50,SVM,1.0,0.44680851063829785,0.6176470588235294
EBG obfuscated,BERT large,ranks,Bins 10,SVM,1.0,0.5744680851063829,0.7297297297297298
EBG obfuscated,BERT large,ranks,VGG19,SVM,0.975,0.8297872340425532,0.8965517241379308
EBG obfuscated,BERT large,ranks,Bins 100,SVM,1.0,0.425531914893617,0.5970149253731344
EBG obfuscated,BERT large,ranks,Bins 50,RFC,0.9722222222222222,0.7446808510638298,0.8433734939759036
EBG obfuscated,BERT large,ranks,Bins 10,RFC,1.0,0.3191489361702128,0.4838709677419356
EBG obfuscated,BERT large,ranks,VGG19,RFC,1.0,0.851063829787234,0.9195402298850576
EBG obfuscated,BERT large,ranks,Bins 100,RFC,1.0,0.6382978723404256,0.7792207792207793
EBG obfuscated,GPT-2 345M,probs,Bins 0.005,GNB,0.9459459459459459,0.7446808510638298,0.8333333333333334
EBG obfuscated,GPT-2 345M,probs,Bins 0.001,GNB,1.0,0.6382978723404256,0.7792207792207793
EBG obfuscated,GPT-2 345M,probs,VGG19,GNB,0.7333333333333333,0.7021276595744681,0.7173913043478262
EBG obfuscated,GPT-2 345M,probs,Bins 0.010,GNB,0.9444444444444444,0.7234042553191491,0.8192771084337349
EBG obfuscated,GPT-2 345M,probs,Bins 0.005,KNN,1.0,0.6808510638297872,0.810126582278481
EBG obfuscated,GPT-2 345M,probs,Bins 0.001,KNN,1.0,0.6808510638297872,0.810126582278481
EBG obfuscated,GPT-2 345M,probs,VGG19,KNN,0.9714285714285714,0.7234042553191491,0.8292682926829269
EBG obfuscated,GPT-2 345M,probs,Bins 0.010,KNN,1.0,0.7021276595744681,0.825
EBG obfuscated,GPT-2 345M,probs,Bins 0.005,ANN,0.9189189189189192,0.7234042553191491,0.8095238095238095
EBG obfuscated,GPT-2 345M,probs,Bins 0.001,ANN,1.0,0.6808510638297872,0.810126582278481
EBG obfuscated,GPT-2 345M,probs,VGG19,ANN,0.875,0.7446808510638298,0.8045977011494252
EBG obfuscated,GPT-2 345M,probs,Bins 0.010,ANN,0.9714285714285714,0.7234042553191491,0.8292682926829269
EBG obfuscated,GPT-2 345M,probs,Bins 0.005,SVM,1.0,0.44680851063829785,0.6176470588235294
EBG obfuscated,GPT-2 345M,probs,Bins 0.001,SVM,1.0,0.3829787234042553,0.5538461538461539
EBG obfuscated,GPT-2 345M,probs,VGG19,SVM,0.9444444444444444,0.7234042553191491,0.8192771084337349
EBG obfuscated,GPT-2 345M,probs,Bins 0.010,SVM,1.0,0.5531914893617021,0.7123287671232876
EBG obfuscated,GPT-2 345M,probs,Bins 0.005,RFC,1.0,0.5744680851063829,0.7297297297297298
EBG obfuscated,GPT-2 345M,probs,Bins 0.001,RFC,0.875,0.14893617021276595,0.2545454545454545
EBG obfuscated,GPT-2 345M,probs,VGG19,RFC,1.0,0.7446808510638298,0.8536585365853657
EBG obfuscated,GPT-2 345M,probs,Bins 0.010,RFC,1.0,0.5531914893617021,0.7123287671232876
EBG obfuscated,GPT-2 345M,ranks,Bins 50,GNB,0.15897435897435894,0.6595744680851063,0.25619834710743805
EBG obfuscated,GPT-2 345M,ranks,Bins 10,GNB,0.14457831325301204,0.5106382978723404,0.2253521126760563
EBG obfuscated,GPT-2 345M,ranks,VGG19,GNB,0.9230769230769232,0.7659574468085106,0.8372093023255814
EBG obfuscated,GPT-2 345M,ranks,Bins 100,GNB,0.15789473684210525,0.7021276595744681,0.2578125
EBG obfuscated,GPT-2 345M,ranks,Bins 50,KNN,1.0,0.6382978723404256,0.7792207792207793
EBG obfuscated,GPT-2 345M,ranks,Bins 10,KNN,1.0,0.6808510638297872,0.810126582278481
EBG obfuscated,GPT-2 345M,ranks,VGG19,KNN,0.9705882352941176,0.7021276595744681,0.8148148148148149
EBG obfuscated,GPT-2 345M,ranks,Bins 100,KNN,1.0,0.5957446808510638,0.7466666666666666
EBG obfuscated,GPT-2 345M,ranks,Bins 50,ANN,1.0,0.6595744680851063,0.7948717948717948
EBG obfuscated,GPT-2 345M,ranks,Bins 10,ANN,1.0,0.7021276595744681,0.825
EBG obfuscated,GPT-2 345M,ranks,VGG19,ANN,0.8292682926829268,0.7234042553191491,0.7727272727272727
EBG obfuscated,GPT-2 345M,ranks,Bins 100,ANN,0.9032258064516128,0.5957446808510638,0.7179487179487178
EBG obfuscated,GPT-2 345M,ranks,Bins 50,SVM,1.0,0.40425531914893614,0.5757575757575757
EBG obfuscated,GPT-2 345M,ranks,Bins 10,SVM,1.0,0.5531914893617021,0.7123287671232876
EBG obfuscated,GPT-2 345M,ranks,VGG19,SVM,0.9705882352941176,0.7021276595744681,0.8148148148148149
EBG obfuscated,GPT-2 345M,ranks,Bins 100,SVM,1.0,0.3404255319148936,0.5079365079365079
EBG obfuscated,GPT-2 345M,ranks,Bins 50,RFC,1.0,0.44680851063829785,0.6176470588235294
EBG obfuscated,GPT-2 345M,ranks,Bins 10,RFC,1.0,0.0851063829787234,0.1568627450980392
EBG obfuscated,GPT-2 345M,ranks,VGG19,RFC,1.0,0.7021276595744681,0.825
EBG obfuscated,GPT-2 345M,ranks,Bins 100,RFC,1.0,0.3829787234042553,0.5538461538461539
EBG obfuscated,GPT-2 117M,probs,Bins 0.005,GNB,0.9166666666666666,0.7021276595744681,0.7951807228915662
EBG obfuscated,GPT-2 117M,probs,Bins 0.001,GNB,0.9655172413793104,0.5957446808510638,0.7368421052631579
EBG obfuscated,GPT-2 117M,probs,VGG19,GNB,0.8205128205128205,0.6808510638297872,0.7441860465116279
EBG obfuscated,GPT-2 117M,probs,Bins 0.010,GNB,0.8947368421052632,0.7234042553191491,0.8
EBG obfuscated,GPT-2 117M,probs,Bins 0.005,KNN,1.0,0.7021276595744681,0.825
EBG obfuscated,GPT-2 117M,probs,Bins 0.001,KNN,1.0,0.7021276595744681,0.825
EBG obfuscated,GPT-2 117M,probs,VGG19,KNN,1.0,0.7021276595744681,0.825
EBG obfuscated,GPT-2 117M,probs,Bins 0.010,KNN,1.0,0.7446808510638298,0.8536585365853657
EBG obfuscated,GPT-2 117M,probs,Bins 0.005,ANN,0.9705882352941176,0.7021276595744681,0.8148148148148149
EBG obfuscated,GPT-2 117M,probs,Bins 0.001,ANN,0.9444444444444444,0.7234042553191491,0.8192771084337349
EBG obfuscated,GPT-2 117M,probs,VGG19,ANN,0.9210526315789472,0.7446808510638298,0.8235294117647057
EBG obfuscated,GPT-2 117M,probs,Bins 0.010,ANN,0.875,0.7446808510638298,0.8045977011494252
EBG obfuscated,GPT-2 117M,probs,Bins 0.005,SVM,1.0,0.4893617021276596,0.6571428571428571
EBG obfuscated,GPT-2 117M,probs,Bins 0.001,SVM,1.0,0.44680851063829785,0.6176470588235294
EBG obfuscated,GPT-2 117M,probs,VGG19,SVM,0.8536585365853658,0.7446808510638298,0.7954545454545454
EBG obfuscated,GPT-2 117M,probs,Bins 0.010,SVM,1.0,0.5319148936170213,0.6944444444444444
EBG obfuscated,GPT-2 117M,probs,Bins 0.005,RFC,1.0,0.4893617021276596,0.6571428571428571
EBG obfuscated,GPT-2 117M,probs,Bins 0.001,RFC,1.0,0.2978723404255319,0.459016393442623
EBG obfuscated,GPT-2 117M,probs,VGG19,RFC,1.0,0.7234042553191491,0.8395061728395062
EBG obfuscated,GPT-2 117M,probs,Bins 0.010,RFC,1.0,0.5531914893617021,0.7123287671232876
EBG obfuscated,GPT-2 117M,ranks,Bins 50,GNB,0.2537313432835821,0.7234042553191491,0.37569060773480667
EBG obfuscated,GPT-2 117M,ranks,Bins 10,GNB,0.2641509433962264,0.5957446808510638,0.3660130718954249
EBG obfuscated,GPT-2 117M,ranks,VGG19,GNB,0.8888888888888888,0.6808510638297872,0.7710843373493975
EBG obfuscated,GPT-2 117M,ranks,Bins 100,GNB,0.2536231884057971,0.7446808510638298,0.3783783783783784
EBG obfuscated,GPT-2 117M,ranks,Bins 50,KNN,1.0,0.6808510638297872,0.810126582278481
EBG obfuscated,GPT-2 117M,ranks,Bins 10,KNN,1.0,0.7234042553191491,0.8395061728395062
EBG obfuscated,GPT-2 117M,ranks,VGG19,KNN,0.8888888888888888,0.6808510638297872,0.7710843373493975
EBG obfuscated,GPT-2 117M,ranks,Bins 100,KNN,1.0,0.6382978723404256,0.7792207792207793
EBG obfuscated,GPT-2 117M,ranks,Bins 50,ANN,0.9411764705882352,0.6808510638297872,0.7901234567901235
EBG obfuscated,GPT-2 117M,ranks,Bins 10,ANN,1.0,0.7234042553191491,0.8395061728395062
EBG obfuscated,GPT-2 117M,ranks,VGG19,ANN,0.9142857142857144,0.6808510638297872,0.7804878048780487
EBG obfuscated,GPT-2 117M,ranks,Bins 100,ANN,1.0,0.5957446808510638,0.7466666666666666
EBG obfuscated,GPT-2 117M,ranks,Bins 50,SVM,1.0,0.3829787234042553,0.5538461538461539
EBG obfuscated,GPT-2 117M,ranks,Bins 10,SVM,1.0,0.4893617021276596,0.6571428571428571
EBG obfuscated,GPT-2 117M,ranks,VGG19,SVM,0.9642857142857144,0.5744680851063829,0.7200000000000001
EBG obfuscated,GPT-2 117M,ranks,Bins 100,SVM,1.0,0.3829787234042553,0.5538461538461539
EBG obfuscated,GPT-2 117M,ranks,Bins 50,RFC,1.0,0.3617021276595745,0.53125
EBG obfuscated,GPT-2 117M,ranks,Bins 10,RFC,1.0,0.2553191489361702,0.4067796610169491
EBG obfuscated,GPT-2 117M,ranks,VGG19,RFC,0.96875,0.6595744680851063,0.7848101265822784
EBG obfuscated,GPT-2 117M,ranks,Bins 100,RFC,1.0,0.40425531914893614,0.5757575757575757
BLOG obfuscated,BERT base,probs,Bins 0.005,GNB,0.4351145038167939,0.6195652173913043,0.5112107623318386
BLOG obfuscated,BERT base,probs,Bins 0.001,GNB,0.3319238900634249,0.5688405797101449,0.4192256341789052
BLOG obfuscated,BERT base,probs,VGG19,GNB,0.4857142857142857,0.7418181818181818,0.5870503597122302
BLOG obfuscated,BERT base,probs,Bins 0.010,GNB,0.5072046109510087,0.6376811594202898,0.565008025682183
BLOG obfuscated,BERT base,probs,Bins 0.005,KNN,0.4784394250513347,0.8442028985507246,0.6107470511140236
BLOG obfuscated,BERT base,probs,Bins 0.001,KNN,0.5274725274725275,0.8695652173913043,0.6566347469220246
BLOG obfuscated,BERT base,probs,VGG19,KNN,0.6531365313653137,0.6436363636363637,0.6483516483516484
BLOG obfuscated,BERT base,probs,Bins 0.010,KNN,0.4743326488706365,0.8369565217391305,0.6055045871559632
BLOG obfuscated,BERT base,probs,Bins 0.005,ANN,0.7050847457627119,0.7536231884057971,0.7285464098073555
BLOG obfuscated,BERT base,probs,Bins 0.001,ANN,0.6636085626911316,0.7862318840579711,0.7197346600331676
BLOG obfuscated,BERT base,probs,VGG19,ANN,0.851528384279476,0.7090909090909091,0.7738095238095238
BLOG obfuscated,BERT base,probs,Bins 0.010,ANN,0.7071428571428572,0.7173913043478259,0.7122302158273383
BLOG obfuscated,BERT base,probs,Bins 0.005,SVM,0.7574257425742574,0.5543478260869565,0.6401673640167365
BLOG obfuscated,BERT base,probs,Bins 0.001,SVM,0.8387096774193549,0.5652173913043478,0.6753246753246753
BLOG obfuscated,BERT base,probs,VGG19,SVM,0.7937743190661478,0.7418181818181818,0.7669172932330827
BLOG obfuscated,BERT base,probs,Bins 0.010,SVM,0.6787330316742082,0.5434782608695652,0.6036217303822937
BLOG obfuscated,BERT base,probs,Bins 0.005,RFC,0.7058823529411765,0.39130434782608703,0.5034965034965035
BLOG obfuscated,BERT base,probs,Bins 0.001,RFC,0.7820512820512819,0.2210144927536232,0.3446327683615819
BLOG obfuscated,BERT base,probs,VGG19,RFC,0.8073394495412844,0.64,0.713995943204868
BLOG obfuscated,BERT base,probs,Bins 0.010,RFC,0.6580310880829016,0.4601449275362319,0.5415778251599148
BLOG obfuscated,BERT base,ranks,Bins 50,GNB,0.47318611987381703,0.5434782608695652,0.5059021922428331
BLOG obfuscated,BERT base,ranks,Bins 10,GNB,0.298372513562387,0.5978260869565217,0.3980699638118215
BLOG obfuscated,BERT base,ranks,VGG19,GNB,0.6989619377162629,0.7345454545454545,0.7163120567375887
BLOG obfuscated,BERT base,ranks,Bins 100,GNB,0.5102040816326531,0.5434782608695652,0.5263157894736842
BLOG obfuscated,BERT base,ranks,Bins 50,KNN,0.5443349753694581,0.8007246376811594,0.6480938416422287
BLOG obfuscated,BERT base,ranks,Bins 10,KNN,0.5323383084577115,0.7753623188405797,0.6312684365781711
BLOG obfuscated,BERT base,ranks,VGG19,KNN,0.8238095238095238,0.6290909090909091,0.7134020618556701
BLOG obfuscated,BERT base,ranks,Bins 100,KNN,0.5885558583106267,0.7826086956521741,0.671850699844479
BLOG obfuscated,BERT base,ranks,Bins 50,ANN,0.7137404580152672,0.677536231884058,0.6951672862453532
BLOG obfuscated,BERT base,ranks,Bins 10,ANN,0.7099236641221374,0.6739130434782609,0.6914498141263941
BLOG obfuscated,BERT base,ranks,VGG19,ANN,0.8536585365853658,0.6363636363636364,0.7291666666666666
BLOG obfuscated,BERT base,ranks,Bins 100,ANN,0.7258064516129032,0.6521739130434783,0.6870229007633588
BLOG obfuscated,BERT base,ranks,Bins 50,SVM,0.8024691358024691,0.4710144927536232,0.593607305936073
BLOG obfuscated,BERT base,ranks,Bins 10,SVM,0.6683673469387755,0.4746376811594203,0.5550847457627119
BLOG obfuscated,BERT base,ranks,VGG19,SVM,0.8712871287128713,0.64,0.7379454926624739
BLOG obfuscated,BERT base,ranks,Bins 100,SVM,0.8310810810810809,0.44565217391304346,0.580188679245283
BLOG obfuscated,BERT base,ranks,Bins 50,RFC,0.8461538461538461,0.3985507246376812,0.541871921182266
BLOG obfuscated,BERT base,ranks,Bins 10,RFC,0.8275862068965517,0.2608695652173913,0.39669421487603307
BLOG obfuscated,BERT base,ranks,VGG19,RFC,0.8418367346938775,0.6,0.7006369426751591
BLOG obfuscated,BERT base,ranks,Bins 100,RFC,0.8823529411764706,0.4891304347826087,0.6293706293706294
BLOG obfuscated,BERT large,probs,Bins 0.005,GNB,0.41570438799076215,0.6521739130434783,0.5077574047954865
BLOG obfuscated,BERT large,probs,Bins 0.001,GNB,0.3264887063655031,0.5760869565217391,0.41677588466579296
BLOG obfuscated,BERT large,probs,VGG19,GNB,0.4818401937046005,0.7236363636363636,0.5784883720930233
BLOG obfuscated,BERT large,probs,Bins 0.010,GNB,0.4666666666666667,0.6847826086956522,0.5550660792951543
BLOG obfuscated,BERT large,probs,Bins 0.005,KNN,0.42057761732851984,0.8442028985507246,0.5614457831325301
BLOG obfuscated,BERT large,probs,Bins 0.001,KNN,0.4106529209621993,0.8659420289855072,0.5571095571095571
BLOG obfuscated,BERT large,probs,VGG19,KNN,0.6116838487972509,0.6472727272727272,0.6289752650176679
BLOG obfuscated,BERT large,probs,Bins 0.010,KNN,0.4343065693430657,0.8623188405797102,0.5776699029126213
BLOG obfuscated,BERT large,probs,Bins 0.005,ANN,0.6012084592145015,0.7210144927536232,0.6556836902800658
BLOG obfuscated,BERT large,probs,Bins 0.001,ANN,0.6928838951310862,0.6702898550724637,0.6813996316758748
BLOG obfuscated,BERT large,probs,VGG19,ANN,0.7563025210084033,0.6545454545454545,0.7017543859649122
BLOG obfuscated,BERT large,probs,Bins 0.010,ANN,0.6209150326797386,0.6884057971014492,0.6529209621993126
BLOG obfuscated,BERT large,probs,Bins 0.005,SVM,0.5367647058823529,0.5289855072463768,0.5328467153284672
BLOG obfuscated,BERT large,probs,Bins 0.001,SVM,0.6651785714285714,0.5398550724637681,0.596
BLOG obfuscated,BERT large,probs,VGG19,SVM,0.7860262008733624,0.6545454545454545,0.7142857142857142
BLOG obfuscated,BERT large,probs,Bins 0.010,SVM,0.4892086330935252,0.4927536231884058,0.4909747292418773
BLOG obfuscated,BERT large,probs,Bins 0.005,RFC,0.544973544973545,0.37318840579710144,0.4430107526881721
BLOG obfuscated,BERT large,probs,Bins 0.001,RFC,0.573170731707317,0.34057971014492755,0.4272727272727273
BLOG obfuscated,BERT large,probs,VGG19,RFC,0.7733333333333333,0.6327272727272727,0.696
BLOG obfuscated,BERT large,probs,Bins 0.010,RFC,0.5670103092783505,0.3985507246376812,0.4680851063829787
BLOG obfuscated,BERT large,ranks,Bins 50,GNB,0.3111888111888112,0.644927536231884,0.41981132075471705
BLOG obfuscated,BERT large,ranks,Bins 10,GNB,0.2034682080924856,0.6376811594202898,0.30850131463628394
BLOG obfuscated,BERT large,ranks,VGG19,GNB,0.5833333333333334,0.7127272727272728,0.6415711947626842
BLOG obfuscated,BERT large,ranks,Bins 100,GNB,0.36007827788649704,0.6666666666666666,0.4675984752223635
BLOG obfuscated,BERT large,ranks,Bins 50,KNN,0.4977272727272728,0.7934782608695652,0.611731843575419
BLOG obfuscated,BERT large,ranks,Bins 10,KNN,0.4324853228962818,0.8007246376811594,0.5616264294790343
BLOG obfuscated,BERT large,ranks,VGG19,KNN,0.6666666666666666,0.6618181818181819,0.6642335766423357
BLOG obfuscated,BERT large,ranks,Bins 100,KNN,0.4966292134831461,0.8007246376811594,0.6130374479889044
BLOG obfuscated,BERT large,ranks,Bins 50,ANN,0.6739926739926739,0.6666666666666666,0.6703096539162112
BLOG obfuscated,BERT large,ranks,Bins 10,ANN,0.6413043478260869,0.6413043478260869,0.6413043478260869
BLOG obfuscated,BERT large,ranks,VGG19,ANN,0.7594936708860759,0.6545454545454545,0.703125
BLOG obfuscated,BERT large,ranks,Bins 100,ANN,0.6423611111111112,0.6702898550724637,0.6560283687943262
BLOG obfuscated,BERT large,ranks,Bins 50,SVM,0.6,0.43478260869565216,0.5042016806722689
BLOG obfuscated,BERT large,ranks,Bins 10,SVM,0.4846153846153846,0.4565217391304348,0.4701492537313433
BLOG obfuscated,BERT large,ranks,VGG19,SVM,0.7551867219917012,0.6618181818181819,0.7054263565891473
BLOG obfuscated,BERT large,ranks,Bins 100,SVM,0.7183908045977011,0.4528985507246377,0.5555555555555555
BLOG obfuscated,BERT large,ranks,Bins 50,RFC,0.7329545454545454,0.4673913043478261,0.5707964601769911
BLOG obfuscated,BERT large,ranks,Bins 10,RFC,0.7575757575757576,0.2717391304347826,0.4
BLOG obfuscated,BERT large,ranks,VGG19,RFC,0.7352941176470589,0.6363636363636364,0.6822612085769981
BLOG obfuscated,BERT large,ranks,Bins 100,RFC,0.7894736842105263,0.4891304347826087,0.6040268456375839
BLOG obfuscated,GPT-2 345M,probs,Bins 0.005,GNB,0.483204134366925,0.677536231884058,0.5641025641025642
BLOG obfuscated,GPT-2 345M,probs,Bins 0.001,GNB,0.3970223325062035,0.5797101449275363,0.4712812960235641
BLOG obfuscated,GPT-2 345M,probs,VGG19,GNB,0.3404634581105169,0.6945454545454546,0.4569377990430621
BLOG obfuscated,GPT-2 345M,probs,Bins 0.010,GNB,0.5845272206303725,0.7391304347826086,0.6528
BLOG obfuscated,GPT-2 345M,probs,Bins 0.005,KNN,0.7245283018867924,0.6956521739130435,0.7097966728280961
BLOG obfuscated,GPT-2 345M,probs,Bins 0.001,KNN,0.7289377289377289,0.7210144927536232,0.7249544626593807
BLOG obfuscated,GPT-2 345M,probs,VGG19,KNN,0.8690476190476191,0.5309090909090909,0.6591422121896163
BLOG obfuscated,GPT-2 345M,probs,Bins 0.010,KNN,0.7109375,0.6594202898550725,0.6842105263157895
BLOG obfuscated,GPT-2 345M,probs,Bins 0.005,ANN,0.8342245989304813,0.5652173913043478,0.6738660907127428
BLOG obfuscated,GPT-2 345M,probs,Bins 0.001,ANN,0.6894977168949772,0.5471014492753623,0.6101010101010101
BLOG obfuscated,GPT-2 345M,probs,VGG19,ANN,0.8392857142857143,0.5127272727272727,0.636568848758465
BLOG obfuscated,GPT-2 345M,probs,Bins 0.010,ANN,0.8547486033519553,0.5543478260869565,0.6725274725274726
BLOG obfuscated,GPT-2 345M,probs,Bins 0.005,SVM,0.8913043478260869,0.44565217391304346,0.5942028985507246
BLOG obfuscated,GPT-2 345M,probs,Bins 0.001,SVM,0.90625,0.42028985507246375,0.5742574257425742
BLOG obfuscated,GPT-2 345M,probs,VGG19,SVM,0.9555555555555556,0.31272727272727274,0.4712328767123288
BLOG obfuscated,GPT-2 345M,probs,Bins 0.010,SVM,0.8926174496644296,0.4818840579710145,0.6258823529411764
BLOG obfuscated,GPT-2 345M,probs,Bins 0.005,RFC,0.9411764705882352,0.2898550724637681,0.443213296398892
BLOG obfuscated,GPT-2 345M,probs,Bins 0.001,RFC,0.9591836734693876,0.17028985507246375,0.28923076923076924
BLOG obfuscated,GPT-2 345M,probs,VGG19,RFC,0.8909090909090909,0.5345454545454545,0.6681818181818182
BLOG obfuscated,GPT-2 345M,probs,Bins 0.010,RFC,0.9173553719008264,0.4021739130434783,0.5591939546599497
BLOG obfuscated,GPT-2 345M,ranks,Bins 50,GNB,0.4868035190615836,0.6014492753623188,0.5380875202593193
BLOG obfuscated,GPT-2 345M,ranks,Bins 10,GNB,0.3209076175040519,0.7173913043478259,0.4434490481522957
BLOG obfuscated,GPT-2 345M,ranks,VGG19,GNB,0.8200836820083682,0.7127272727272728,0.7626459143968872
BLOG obfuscated,GPT-2 345M,ranks,Bins 100,GNB,0.5287769784172662,0.532608695652174,0.5306859205776173
BLOG obfuscated,GPT-2 345M,ranks,Bins 50,KNN,0.8034188034188035,0.6811594202898551,0.7372549019607842
BLOG obfuscated,GPT-2 345M,ranks,Bins 10,KNN,0.763265306122449,0.677536231884058,0.7178502879078696
BLOG obfuscated,GPT-2 345M,ranks,VGG19,KNN,0.9022988505747126,0.5709090909090909,0.6993318485523385
BLOG obfuscated,GPT-2 345M,ranks,Bins 100,KNN,0.7800829875518672,0.6811594202898551,0.7272727272727274
BLOG obfuscated,GPT-2 345M,ranks,Bins 50,ANN,0.8715083798882681,0.5652173913043478,0.6857142857142856
BLOG obfuscated,GPT-2 345M,ranks,Bins 10,ANN,0.8351648351648352,0.5507246376811594,0.663755458515284
BLOG obfuscated,GPT-2 345M,ranks,VGG19,ANN,0.9147727272727272,0.5854545454545454,0.7139689578713969
BLOG obfuscated,GPT-2 345M,ranks,Bins 100,ANN,0.8351063829787234,0.5688405797101449,0.6767241379310345
BLOG obfuscated,GPT-2 345M,ranks,Bins 50,SVM,0.8931297709923665,0.4239130434782609,0.5749385749385749
BLOG obfuscated,GPT-2 345M,ranks,Bins 10,SVM,0.8918918918918919,0.4782608695652174,0.6226415094339622
BLOG obfuscated,GPT-2 345M,ranks,VGG19,SVM,0.9042553191489362,0.6181818181818182,0.734341252699784
BLOG obfuscated,GPT-2 345M,ranks,Bins 100,SVM,0.9016393442622952,0.3985507246376812,0.5527638190954774
BLOG obfuscated,GPT-2 345M,ranks,Bins 50,RFC,0.9367088607594936,0.26811594202898553,0.4169014084507042
BLOG obfuscated,GPT-2 345M,ranks,Bins 10,RFC,0.9285714285714286,0.14130434782608695,0.2452830188679245
BLOG obfuscated,GPT-2 345M,ranks,VGG19,RFC,0.9382716049382716,0.5527272727272727,0.6956521739130435
BLOG obfuscated,GPT-2 345M,ranks,Bins 100,RFC,0.9263157894736842,0.3188405797101449,0.4743935309973046
BLOG obfuscated,GPT-2 117M,probs,Bins 0.005,GNB,0.4431554524361949,0.6920289855072463,0.5403111739745403
BLOG obfuscated,GPT-2 117M,probs,Bins 0.001,GNB,0.3732394366197183,0.5760869565217391,0.452991452991453
BLOG obfuscated,GPT-2 117M,probs,VGG19,GNB,0.2740740740740741,0.5381818181818182,0.3631901840490798
BLOG obfuscated,GPT-2 117M,probs,Bins 0.010,GNB,0.5098522167487685,0.75,0.6070381231671554
BLOG obfuscated,GPT-2 117M,probs,Bins 0.005,KNN,0.6793893129770993,0.644927536231884,0.6617100371747212
BLOG obfuscated,GPT-2 117M,probs,Bins 0.001,KNN,0.6554054054054054,0.7028985507246377,0.6783216783216783
BLOG obfuscated,GPT-2 117M,probs,VGG19,KNN,0.8797468354430379,0.5054545454545455,0.6420323325635103
BLOG obfuscated,GPT-2 117M,probs,Bins 0.010,KNN,0.7008196721311475,0.6195652173913043,0.6576923076923076
BLOG obfuscated,GPT-2 117M,probs,Bins 0.005,ANN,0.7925531914893617,0.5398550724637681,0.6422413793103449
BLOG obfuscated,GPT-2 117M,probs,Bins 0.001,ANN,0.7298578199052133,0.5579710144927537,0.6324435318275154
BLOG obfuscated,GPT-2 117M,probs,VGG19,ANN,0.8545454545454545,0.5127272727272727,0.6409090909090909
BLOG obfuscated,GPT-2 117M,probs,Bins 0.010,ANN,0.8109756097560976,0.4818840579710145,0.6045454545454545
BLOG obfuscated,GPT-2 117M,probs,Bins 0.005,SVM,0.8934426229508197,0.394927536231884,0.5477386934673367
BLOG obfuscated,GPT-2 117M,probs,Bins 0.001,SVM,0.9047619047619048,0.4130434782608696,0.5671641791044776
BLOG obfuscated,GPT-2 117M,probs,VGG19,SVM,0.8670520231213873,0.5454545454545454,0.6696428571428572
BLOG obfuscated,GPT-2 117M,probs,Bins 0.010,SVM,0.8760330578512396,0.3840579710144928,0.5340050377833753
BLOG obfuscated,GPT-2 117M,probs,Bins 0.005,RFC,0.9605263157894736,0.2644927536231884,0.4147727272727272
BLOG obfuscated,GPT-2 117M,probs,Bins 0.001,RFC,0.8863636363636364,0.14130434782608695,0.24375
BLOG obfuscated,GPT-2 117M,probs,VGG19,RFC,0.8662420382165605,0.4945454545454546,0.6296296296296297
BLOG obfuscated,GPT-2 117M,probs,Bins 0.010,RFC,0.9326923076923076,0.35144927536231885,0.5105263157894737
BLOG obfuscated,GPT-2 117M,ranks,Bins 50,GNB,0.3925,0.5688405797101449,0.4644970414201183
BLOG obfuscated,GPT-2 117M,ranks,Bins 10,GNB,0.2857142857142857,0.6739130434782609,0.401294498381877
BLOG obfuscated,GPT-2 117M,ranks,VGG19,GNB,0.7911646586345381,0.7163636363636363,0.7519083969465647
BLOG obfuscated,GPT-2 117M,ranks,Bins 100,GNB,0.4714714714714714,0.5688405797101449,0.51559934318555
BLOG obfuscated,GPT-2 117M,ranks,Bins 50,KNN,0.7903930131004366,0.6557971014492754,0.7168316831683168
BLOG obfuscated,GPT-2 117M,ranks,Bins 10,KNN,0.6944444444444444,0.6340579710144928,0.6628787878787878
BLOG obfuscated,GPT-2 117M,ranks,VGG19,KNN,0.8757062146892656,0.5636363636363636,0.6858407079646018
BLOG obfuscated,GPT-2 117M,ranks,Bins 100,KNN,0.7669491525423728,0.6557971014492754,0.70703125
BLOG obfuscated,GPT-2 117M,ranks,Bins 50,ANN,0.7842105263157895,0.5398550724637681,0.6394849785407726
BLOG obfuscated,GPT-2 117M,ranks,Bins 10,ANN,0.8263473053892215,0.5,0.6230248306997742
BLOG obfuscated,GPT-2 117M,ranks,VGG19,ANN,0.888268156424581,0.5781818181818181,0.7004405286343613
BLOG obfuscated,GPT-2 117M,ranks,Bins 100,ANN,0.8208092485549133,0.5144927536231884,0.6325167037861915
BLOG obfuscated,GPT-2 117M,ranks,Bins 50,SVM,0.8842975206611571,0.38768115942028986,0.5390428211586902
BLOG obfuscated,GPT-2 117M,ranks,Bins 10,SVM,0.8818897637795275,0.4057971014492754,0.5558312655086849
BLOG obfuscated,GPT-2 117M,ranks,VGG19,SVM,0.9411764705882352,0.4072727272727273,0.5685279187817259
BLOG obfuscated,GPT-2 117M,ranks,Bins 100,SVM,0.8974358974358975,0.3804347826086957,0.5343511450381679
BLOG obfuscated,GPT-2 117M,ranks,Bins 50,RFC,0.9375,0.21739130434782608,0.3529411764705882
BLOG obfuscated,GPT-2 117M,ranks,Bins 10,RFC,0.9166666666666666,0.11956521739130435,0.2115384615384616
BLOG obfuscated,GPT-2 117M,ranks,VGG19,RFC,0.89937106918239,0.52,0.6589861751152074
BLOG obfuscated,GPT-2 117M,ranks,Bins 100,RFC,0.9135802469135802,0.26811594202898553,0.4145658263305321
EBG evaded,BERT base,probs,Bins 0.005,GNB,1.0,0.5333333333333333,0.6956521739130436
EBG evaded,BERT base,probs,Bins 0.001,GNB,1.0,0.3666666666666665,0.5365853658536585
EBG evaded,BERT base,probs,VGG19,GNB,1.0,0.9,0.9473684210526316
EBG evaded,BERT base,probs,Bins 0.010,GNB,1.0,0.6333333333333333,0.7755102040816326
EBG evaded,BERT base,probs,Bins 0.005,KNN,0.9285714285714286,0.8666666666666667,0.8965517241379308
EBG evaded,BERT base,probs,Bins 0.001,KNN,0.9615384615384616,0.8333333333333334,0.8928571428571429
EBG evaded,BERT base,probs,VGG19,KNN,1.0,0.8333333333333334,0.9090909090909092
EBG evaded,BERT base,probs,Bins 0.010,KNN,0.9629629629629628,0.8666666666666667,0.912280701754386
EBG evaded,BERT base,probs,Bins 0.005,ANN,0.9310344827586208,0.9,0.9152542372881356
EBG evaded,BERT base,probs,Bins 0.001,ANN,0.9310344827586208,0.9,0.9152542372881356
EBG evaded,BERT base,probs,VGG19,ANN,0.9285714285714286,0.8666666666666667,0.8965517241379308
EBG evaded,BERT base,probs,Bins 0.010,ANN,0.9,0.9,0.9
EBG evaded,BERT base,probs,Bins 0.005,SVM,1.0,0.4666666666666667,0.6363636363636364
EBG evaded,BERT base,probs,Bins 0.001,SVM,1.0,0.4,0.5714285714285715
EBG evaded,BERT base,probs,VGG19,SVM,1.0,0.8666666666666667,0.9285714285714286
EBG evaded,BERT base,probs,Bins 0.010,SVM,1.0,0.4666666666666667,0.6363636363636364
EBG evaded,BERT base,probs,Bins 0.005,RFC,1.0,0.5666666666666667,0.7234042553191489
EBG evaded,BERT base,probs,Bins 0.001,RFC,1.0,0.4666666666666667,0.6363636363636364
EBG evaded,BERT base,probs,VGG19,RFC,0.9642857142857144,0.9,0.9310344827586208
EBG evaded,BERT base,probs,Bins 0.010,RFC,1.0,0.5,0.6666666666666666
EBG evaded,BERT base,ranks,Bins 50,GNB,0.08571428571428573,0.1,0.09230769230769233
EBG evaded,BERT base,ranks,Bins 10,GNB,0.03571428571428571,0.03333333333333333,0.03448275862068965
EBG evaded,BERT base,ranks,VGG19,GNB,0.9090909090909092,0.6666666666666666,0.7692307692307692
EBG evaded,BERT base,ranks,Bins 100,GNB,0.0967741935483871,0.2,0.13043478260869568
EBG evaded,BERT base,ranks,Bins 50,KNN,0.92,0.7666666666666667,0.8363636363636363
EBG evaded,BERT base,ranks,Bins 10,KNN,0.8846153846153846,0.7666666666666667,0.8214285714285715
EBG evaded,BERT base,ranks,VGG19,KNN,0.9444444444444444,0.5666666666666667,0.7083333333333334
EBG evaded,BERT base,ranks,Bins 100,KNN,0.9166666666666666,0.7333333333333333,0.8148148148148148
EBG evaded,BERT base,ranks,Bins 50,ANN,1.0,0.7333333333333333,0.8461538461538459
EBG evaded,BERT base,ranks,Bins 10,ANN,0.8846153846153846,0.7666666666666667,0.8214285714285715
EBG evaded,BERT base,ranks,VGG19,ANN,0.9090909090909092,0.6666666666666666,0.7692307692307692
EBG evaded,BERT base,ranks,Bins 100,ANN,0.8518518518518519,0.7666666666666667,0.8070175438596491
EBG evaded,BERT base,ranks,Bins 50,SVM,1.0,0.4,0.5714285714285715
EBG evaded,BERT base,ranks,Bins 10,SVM,1.0,0.43333333333333335,0.6046511627906976
EBG evaded,BERT base,ranks,VGG19,SVM,0.9523809523809524,0.6666666666666666,0.7843137254901961
EBG evaded,BERT base,ranks,Bins 100,SVM,1.0,0.3333333333333333,0.5
EBG evaded,BERT base,ranks,Bins 50,RFC,1.0,0.5333333333333333,0.6956521739130436
EBG evaded,BERT base,ranks,Bins 10,RFC,1.0,0.2333333333333333,0.3783783783783784
EBG evaded,BERT base,ranks,VGG19,RFC,0.8709677419354839,0.9,0.8852459016393444
EBG evaded,BERT base,ranks,Bins 100,RFC,1.0,0.5333333333333333,0.6956521739130436
EBG evaded,BERT large,probs,Bins 0.005,GNB,1.0,0.6333333333333333,0.7755102040816326
EBG evaded,BERT large,probs,Bins 0.001,GNB,1.0,0.4,0.5714285714285715
EBG evaded,BERT large,probs,VGG19,GNB,1.0,0.8333333333333334,0.9090909090909092
EBG evaded,BERT large,probs,Bins 0.010,GNB,1.0,0.6666666666666666,0.8
EBG evaded,BERT large,probs,Bins 0.005,KNN,1.0,0.8333333333333334,0.9090909090909092
EBG evaded,BERT large,probs,Bins 0.001,KNN,0.96,0.8,0.8727272727272728
EBG evaded,BERT large,probs,VGG19,KNN,1.0,0.8666666666666667,0.9285714285714286
EBG evaded,BERT large,probs,Bins 0.010,KNN,1.0,0.8333333333333334,0.9090909090909092
EBG evaded,BERT large,probs,Bins 0.005,ANN,1.0,0.8666666666666667,0.9285714285714286
EBG evaded,BERT large,probs,Bins 0.001,ANN,1.0,0.8666666666666667,0.9285714285714286
EBG evaded,BERT large,probs,VGG19,ANN,1.0,0.8333333333333334,0.9090909090909092
EBG evaded,BERT large,probs,Bins 0.010,ANN,1.0,0.9,0.9473684210526316
EBG evaded,BERT large,probs,Bins 0.005,SVM,1.0,0.4,0.5714285714285715
EBG evaded,BERT large,probs,Bins 0.001,SVM,1.0,0.4,0.5714285714285715
EBG evaded,BERT large,probs,VGG19,SVM,1.0,0.8333333333333334,0.9090909090909092
EBG evaded,BERT large,probs,Bins 0.010,SVM,1.0,0.43333333333333335,0.6046511627906976
EBG evaded,BERT large,probs,Bins 0.005,RFC,1.0,0.5333333333333333,0.6956521739130436
EBG evaded,BERT large,probs,Bins 0.001,RFC,1.0,0.5,0.6666666666666666
EBG evaded,BERT large,probs,VGG19,RFC,1.0,0.8666666666666667,0.9285714285714286
EBG evaded,BERT large,probs,Bins 0.010,RFC,1.0,0.5666666666666667,0.7234042553191489
EBG evaded,BERT large,ranks,Bins 50,GNB,0.2549019607843137,0.43333333333333335,0.32098765432098764
EBG evaded,BERT large,ranks,Bins 10,GNB,0.25,0.3333333333333333,0.2857142857142857
EBG evaded,BERT large,ranks,VGG19,GNB,1.0,0.8,0.8888888888888891
EBG evaded,BERT large,ranks,Bins 100,GNB,0.3611111111111111,0.43333333333333335,0.39393939393939387
EBG evaded,BERT large,ranks,Bins 50,KNN,0.9523809523809524,0.6666666666666666,0.7843137254901961
EBG evaded,BERT large,ranks,Bins 10,KNN,1.0,0.8,0.8888888888888891
EBG evaded,BERT large,ranks,VGG19,KNN,1.0,0.7,0.8235294117647058
EBG evaded,BERT large,ranks,Bins 100,KNN,0.9090909090909092,0.6666666666666666,0.7692307692307692
EBG evaded,BERT large,ranks,Bins 50,ANN,0.96,0.8,0.8727272727272728
EBG evaded,BERT large,ranks,Bins 10,ANN,0.9642857142857144,0.9,0.9310344827586208
EBG evaded,BERT large,ranks,VGG19,ANN,1.0,0.7,0.8235294117647058
EBG evaded,BERT large,ranks,Bins 100,ANN,0.8846153846153846,0.7666666666666667,0.8214285714285715
EBG evaded,BERT large,ranks,Bins 50,SVM,1.0,0.4,0.5714285714285715
EBG evaded,BERT large,ranks,Bins 10,SVM,1.0,0.4,0.5714285714285715
EBG evaded,BERT large,ranks,VGG19,SVM,0.9615384615384616,0.8333333333333334,0.8928571428571429
EBG evaded,BERT large,ranks,Bins 100,SVM,1.0,0.4,0.5714285714285715
EBG evaded,BERT large,ranks,Bins 50,RFC,1.0,0.4666666666666667,0.6363636363636364
EBG evaded,BERT large,ranks,Bins 10,RFC,1.0,0.2333333333333333,0.3783783783783784
EBG evaded,BERT large,ranks,VGG19,RFC,1.0,0.8666666666666667,0.9285714285714286
EBG evaded,BERT large,ranks,Bins 100,RFC,1.0,0.6666666666666666,0.8
EBG evaded,GPT-2 345M,probs,Bins 0.005,GNB,0.92,0.7666666666666667,0.8363636363636363
EBG evaded,GPT-2 345M,probs,Bins 0.001,GNB,1.0,0.1,0.18181818181818185
EBG evaded,GPT-2 345M,probs,VGG19,GNB,0.7419354838709677,0.7666666666666667,0.7540983606557377
EBG evaded,GPT-2 345M,probs,Bins 0.010,GNB,0.8928571428571429,0.8333333333333334,0.8620689655172413
EBG evaded,GPT-2 345M,probs,Bins 0.005,KNN,0.9615384615384616,0.8333333333333334,0.8928571428571429
EBG evaded,GPT-2 345M,probs,Bins 0.001,KNN,0.8928571428571429,0.8333333333333334,0.8620689655172413
EBG evaded,GPT-2 345M,probs,VGG19,KNN,0.9583333333333334,0.7666666666666667,0.8518518518518519
EBG evaded,GPT-2 345M,probs,Bins 0.010,KNN,0.9285714285714286,0.8666666666666667,0.8965517241379308
EBG evaded,GPT-2 345M,probs,Bins 0.005,ANN,0.8928571428571429,0.8333333333333334,0.8620689655172413
EBG evaded,GPT-2 345M,probs,Bins 0.001,ANN,0.8571428571428571,0.8,0.8275862068965518
EBG evaded,GPT-2 345M,probs,VGG19,ANN,0.7222222222222222,0.8666666666666667,0.7878787878787877
EBG evaded,GPT-2 345M,probs,Bins 0.010,ANN,0.8888888888888888,0.8,0.8421052631578948
EBG evaded,GPT-2 345M,probs,Bins 0.005,SVM,1.0,0.3333333333333333,0.5
EBG evaded,GPT-2 345M,probs,Bins 0.001,SVM,1.0,0.3333333333333333,0.5
EBG evaded,GPT-2 345M,probs,VGG19,SVM,0.5416666666666666,0.8666666666666667,0.6666666666666667
EBG evaded,GPT-2 345M,probs,Bins 0.010,SVM,1.0,0.3333333333333333,0.5
EBG evaded,GPT-2 345M,probs,Bins 0.005,RFC,1.0,0.3666666666666665,0.5365853658536585
EBG evaded,GPT-2 345M,probs,Bins 0.001,RFC,0.6666666666666666,0.06666666666666668,0.1212121212121212
EBG evaded,GPT-2 345M,probs,VGG19,RFC,0.9285714285714286,0.8666666666666667,0.8965517241379308
EBG evaded,GPT-2 345M,probs,Bins 0.010,RFC,0.8823529411764706,0.5,0.6382978723404256
EBG evaded,GPT-2 345M,ranks,Bins 50,GNB,0.07407407407407407,0.26666666666666666,0.11594202898550725
EBG evaded,GPT-2 345M,ranks,Bins 10,GNB,0.1267605633802817,0.3,0.1782178217821782
EBG evaded,GPT-2 345M,ranks,VGG19,GNB,0.7878787878787878,0.8666666666666667,0.8253968253968254
EBG evaded,GPT-2 345M,ranks,Bins 100,GNB,0.1021897810218978,0.4666666666666667,0.16766467065868262
EBG evaded,GPT-2 345M,ranks,Bins 50,KNN,0.9230769230769232,0.8,0.8571428571428571
EBG evaded,GPT-2 345M,ranks,Bins 10,KNN,1.0,0.7666666666666667,0.8679245283018869
EBG evaded,GPT-2 345M,ranks,VGG19,KNN,0.875,0.7,0.7777777777777777
EBG evaded,GPT-2 345M,ranks,Bins 100,KNN,0.92,0.7666666666666667,0.8363636363636363
EBG evaded,GPT-2 345M,ranks,Bins 50,ANN,0.8636363636363636,0.6333333333333333,0.7307692307692307
EBG evaded,GPT-2 345M,ranks,Bins 10,ANN,0.8148148148148148,0.7333333333333333,0.7719298245614035
EBG evaded,GPT-2 345M,ranks,VGG19,ANN,0.7586206896551724,0.7333333333333333,0.7457627118644068
EBG evaded,GPT-2 345M,ranks,Bins 100,ANN,0.8,0.6666666666666666,0.7272727272727272
EBG evaded,GPT-2 345M,ranks,Bins 50,SVM,1.0,0.2,0.33333333333333337
EBG evaded,GPT-2 345M,ranks,Bins 10,SVM,1.0,0.3333333333333333,0.5
EBG evaded,GPT-2 345M,ranks,VGG19,SVM,0.8620689655172413,0.8333333333333334,0.8474576271186439
EBG evaded,GPT-2 345M,ranks,Bins 100,SVM,1.0,0.13333333333333333,0.2352941176470588
EBG evaded,GPT-2 345M,ranks,Bins 50,RFC,1.0,0.43333333333333335,0.6046511627906976
EBG evaded,GPT-2 345M,ranks,Bins 10,RFC,1.0,0.03333333333333333,0.06451612903225806
EBG evaded,GPT-2 345M,ranks,VGG19,RFC,0.8620689655172413,0.8333333333333334,0.8474576271186439
EBG evaded,GPT-2 345M,ranks,Bins 100,RFC,0.9375,0.5,0.6521739130434783
EBG evaded,GPT-2 117M,probs,Bins 0.005,GNB,1.0,0.7,0.8235294117647058
EBG evaded,GPT-2 117M,probs,Bins 0.001,GNB,1.0,0.03333333333333333,0.06451612903225806
EBG evaded,GPT-2 117M,probs,VGG19,GNB,0.6571428571428571,0.7666666666666667,0.7076923076923077
EBG evaded,GPT-2 117M,probs,Bins 0.010,GNB,0.9583333333333334,0.7666666666666667,0.8518518518518519
EBG evaded,GPT-2 117M,probs,Bins 0.005,KNN,0.9259259259259259,0.8333333333333334,0.8771929824561403
EBG evaded,GPT-2 117M,probs,Bins 0.001,KNN,0.96,0.8,0.8727272727272728
EBG evaded,GPT-2 117M,probs,VGG19,KNN,1.0,0.7666666666666667,0.8679245283018869
EBG evaded,GPT-2 117M,probs,Bins 0.010,KNN,0.9615384615384616,0.8333333333333334,0.8928571428571429
EBG evaded,GPT-2 117M,probs,Bins 0.005,ANN,0.7647058823529411,0.8666666666666667,0.8125
EBG evaded,GPT-2 117M,probs,Bins 0.001,ANN,0.9615384615384616,0.8333333333333334,0.8928571428571429
EBG evaded,GPT-2 117M,probs,VGG19,ANN,0.8965517241379308,0.8666666666666667,0.8813559322033899
EBG evaded,GPT-2 117M,probs,Bins 0.010,ANN,1.0,0.8,0.8888888888888891
EBG evaded,GPT-2 117M,probs,Bins 0.005,SVM,1.0,0.3333333333333333,0.5
EBG evaded,GPT-2 117M,probs,Bins 0.001,SVM,1.0,0.26666666666666666,0.4210526315789474
EBG evaded,GPT-2 117M,probs,VGG19,SVM,1.0,0.8333333333333334,0.9090909090909092
EBG evaded,GPT-2 117M,probs,Bins 0.010,SVM,1.0,0.3666666666666665,0.5365853658536585
EBG evaded,GPT-2 117M,probs,Bins 0.005,RFC,1.0,0.3333333333333333,0.5
EBG evaded,GPT-2 117M,probs,Bins 0.001,RFC,1.0,0.3666666666666665,0.5365853658536585
EBG evaded,GPT-2 117M,probs,VGG19,RFC,0.9615384615384616,0.8333333333333334,0.8928571428571429
EBG evaded,GPT-2 117M,probs,Bins 0.010,RFC,1.0,0.4,0.5714285714285715
EBG evaded,GPT-2 117M,ranks,Bins 50,GNB,0.05755395683453238,0.26666666666666666,0.09467455621301776
EBG evaded,GPT-2 117M,ranks,Bins 10,GNB,0.024390243902439025,0.03333333333333333,0.028169014084507043
EBG evaded,GPT-2 117M,ranks,VGG19,GNB,0.78125,0.8333333333333334,0.8064516129032259
EBG evaded,GPT-2 117M,ranks,Bins 100,GNB,0.09090909090909093,0.5,0.15384615384615385
EBG evaded,GPT-2 117M,ranks,Bins 50,KNN,0.9230769230769232,0.8,0.8571428571428571
EBG evaded,GPT-2 117M,ranks,Bins 10,KNN,1.0,0.8,0.8888888888888891
EBG evaded,GPT-2 117M,ranks,VGG19,KNN,0.9473684210526316,0.6,0.7346938775510204
EBG evaded,GPT-2 117M,ranks,Bins 100,KNN,0.9230769230769232,0.8,0.8571428571428571
EBG evaded,GPT-2 117M,ranks,Bins 50,ANN,0.8888888888888888,0.8,0.8421052631578948
EBG evaded,GPT-2 117M,ranks,Bins 10,ANN,0.9259259259259259,0.8333333333333334,0.8771929824561403
EBG evaded,GPT-2 117M,ranks,VGG19,ANN,0.5641025641025641,0.7333333333333333,0.6376811594202899
EBG evaded,GPT-2 117M,ranks,Bins 100,ANN,0.9047619047619048,0.6333333333333333,0.7450980392156863
EBG evaded,GPT-2 117M,ranks,Bins 50,SVM,1.0,0.2,0.33333333333333337
EBG evaded,GPT-2 117M,ranks,Bins 10,SVM,1.0,0.3333333333333333,0.5
EBG evaded,GPT-2 117M,ranks,VGG19,SVM,0.7575757575757576,0.8333333333333334,0.7936507936507938
EBG evaded,GPT-2 117M,ranks,Bins 100,SVM,1.0,0.16666666666666666,0.2857142857142857
EBG evaded,GPT-2 117M,ranks,Bins 50,RFC,1.0,0.2,0.33333333333333337
EBG evaded,GPT-2 117M,ranks,Bins 10,RFC,1.0,0.06666666666666668,0.125
EBG evaded,GPT-2 117M,ranks,VGG19,RFC,0.8666666666666667,0.8666666666666667,0.8666666666666667
EBG evaded,GPT-2 117M,ranks,Bins 100,RFC,1.0,0.4,0.5714285714285715
BLOG evaded,BERT base,probs,Bins 0.005,GNB,0.7272727272727273,0.5663716814159292,0.6368159203980099
BLOG evaded,BERT base,probs,Bins 0.001,GNB,0.5833333333333334,0.5575221238938053,0.5701357466063349
BLOG evaded,BERT base,probs,VGG19,GNB,0.7674418604651163,0.584070796460177,0.6633165829145728
BLOG evaded,BERT base,probs,Bins 0.010,GNB,0.7160493827160493,0.5132743362831859,0.5979381443298969
BLOG evaded,BERT base,probs,Bins 0.005,KNN,0.7398373983739838,0.8053097345132744,0.7711864406779662
BLOG evaded,BERT base,probs,Bins 0.001,KNN,0.7142857142857143,0.8407079646017699,0.7723577235772359
BLOG evaded,BERT base,probs,VGG19,KNN,0.7926829268292683,0.5752212389380531,0.6666666666666667
BLOG evaded,BERT base,probs,Bins 0.010,KNN,0.7440000000000001,0.8230088495575221,0.7815126050420168
BLOG evaded,BERT base,probs,Bins 0.005,ANN,0.7264957264957265,0.7522123893805309,0.7391304347826086
BLOG evaded,BERT base,probs,Bins 0.001,ANN,0.7407407407407407,0.7079646017699115,0.7239819004524887
BLOG evaded,BERT base,probs,VGG19,ANN,0.7913043478260869,0.8053097345132744,0.7982456140350878
BLOG evaded,BERT base,probs,Bins 0.010,ANN,0.648854961832061,0.7522123893805309,0.6967213114754098
BLOG evaded,BERT base,probs,Bins 0.005,SVM,0.7441860465116279,0.2831858407079646,0.41025641025641024
BLOG evaded,BERT base,probs,Bins 0.001,SVM,0.8529411764705882,0.2566371681415929,0.3945578231292517
BLOG evaded,BERT base,probs,VGG19,SVM,0.7964601769911505,0.7964601769911505,0.7964601769911505
BLOG evaded,BERT base,probs,Bins 0.010,SVM,0.7317073170731707,0.26548672566371684,0.3896103896103897
BLOG evaded,BERT base,probs,Bins 0.005,RFC,0.6774193548387096,0.18584070796460173,0.2916666666666667
BLOG evaded,BERT base,probs,Bins 0.001,RFC,0.92,0.2035398230088496,0.33333333333333337
BLOG evaded,BERT base,probs,VGG19,RFC,0.8260869565217391,0.6725663716814161,0.7414634146341464
BLOG evaded,BERT base,probs,Bins 0.010,RFC,0.7428571428571429,0.2300884955752213,0.35135135135135137
BLOG evaded,BERT base,ranks,Bins 50,GNB,0.25773195876288657,0.4424778761061947,0.3257328990228013
BLOG evaded,BERT base,ranks,Bins 10,GNB,0.029972752043596725,0.09734513274336284,0.04583333333333334
BLOG evaded,BERT base,ranks,VGG19,GNB,0.8279569892473119,0.6814159292035398,0.7475728155339806
BLOG evaded,BERT base,ranks,Bins 100,GNB,0.3855421686746988,0.5663716814159292,0.4587813620071685
BLOG evaded,BERT base,ranks,Bins 50,KNN,0.7592592592592593,0.7256637168141593,0.7420814479638008
BLOG evaded,BERT base,ranks,Bins 10,KNN,0.7333333333333333,0.6814159292035398,0.7064220183486237
BLOG evaded,BERT base,ranks,VGG19,KNN,0.8860759493670886,0.6194690265486725,0.7291666666666666
BLOG evaded,BERT base,ranks,Bins 100,KNN,0.7238095238095238,0.6725663716814161,0.6972477064220184
BLOG evaded,BERT base,ranks,Bins 50,ANN,0.7528089887640449,0.5929203539823009,0.6633663366336633
BLOG evaded,BERT base,ranks,Bins 10,ANN,0.7448979591836735,0.6460176991150443,0.6919431279620852
BLOG evaded,BERT base,ranks,VGG19,ANN,0.7755102040816326,0.6725663716814161,0.7203791469194313
BLOG evaded,BERT base,ranks,Bins 100,ANN,0.7115384615384616,0.6548672566371682,0.6820276497695853
BLOG evaded,BERT base,ranks,Bins 50,SVM,0.75,0.21238938053097345,0.3310344827586207
BLOG evaded,BERT base,ranks,Bins 10,SVM,0.6571428571428571,0.2035398230088496,0.3108108108108108
BLOG evaded,BERT base,ranks,VGG19,SVM,0.8191489361702128,0.6814159292035398,0.7439613526570049
BLOG evaded,BERT base,ranks,Bins 100,SVM,0.8214285714285714,0.2035398230088496,0.32624113475177297
BLOG evaded,BERT base,ranks,Bins 50,RFC,0.8285714285714286,0.2566371681415929,0.3918918918918919
BLOG evaded,BERT base,ranks,Bins 10,RFC,0.7777777777777778,0.12389380530973453,0.2137404580152672
BLOG evaded,BERT base,ranks,VGG19,RFC,0.8588235294117647,0.6460176991150443,0.7373737373737373
BLOG evaded,BERT base,ranks,Bins 100,RFC,0.75,0.3185840707964602,0.4472049689440993
BLOG evaded,BERT large,probs,Bins 0.005,GNB,0.65,0.5752212389380531,0.6103286384976525
BLOG evaded,BERT large,probs,Bins 0.001,GNB,0.5648148148148148,0.5398230088495575,0.5520361990950227
BLOG evaded,BERT large,probs,VGG19,GNB,0.6867469879518072,0.5044247787610621,0.5816326530612245
BLOG evaded,BERT large,probs,Bins 0.010,GNB,0.6063829787234043,0.5044247787610621,0.5507246376811595
BLOG evaded,BERT large,probs,Bins 0.005,KNN,0.7068965517241379,0.7256637168141593,0.7161572052401746
BLOG evaded,BERT large,probs,Bins 0.001,KNN,0.703125,0.7964601769911505,0.7468879668049793
BLOG evaded,BERT large,probs,VGG19,KNN,0.71875,0.4070796460176992,0.5197740112994351
BLOG evaded,BERT large,probs,Bins 0.010,KNN,0.7211538461538461,0.6637168141592921,0.6912442396313364
BLOG evaded,BERT large,probs,Bins 0.005,ANN,0.7029702970297029,0.6283185840707964,0.6635514018691588
BLOG evaded,BERT large,probs,Bins 0.001,ANN,0.7446808510638298,0.6194690265486725,0.6763285024154588
BLOG evaded,BERT large,probs,VGG19,ANN,0.7311827956989247,0.6017699115044248,0.6601941747572816
BLOG evaded,BERT large,probs,Bins 0.010,ANN,0.6373626373626373,0.5132743362831859,0.5686274509803922
BLOG evaded,BERT large,probs,Bins 0.005,SVM,0.6829268292682927,0.24778761061946905,0.3636363636363637
BLOG evaded,BERT large,probs,Bins 0.001,SVM,0.7368421052631579,0.24778761061946905,0.3708609271523179
BLOG evaded,BERT large,probs,VGG19,SVM,0.825,0.584070796460177,0.6839378238341969
BLOG evaded,BERT large,probs,Bins 0.010,SVM,0.6904761904761905,0.2566371681415929,0.3741935483870968
BLOG evaded,BERT large,probs,Bins 0.005,RFC,0.6756756756756757,0.22123893805309736,0.33333333333333337
BLOG evaded,BERT large,probs,Bins 0.001,RFC,0.696969696969697,0.2035398230088496,0.31506849315068497
BLOG evaded,BERT large,probs,VGG19,RFC,0.7894736842105263,0.5309734513274337,0.6349206349206349
BLOG evaded,BERT large,probs,Bins 0.010,RFC,0.6923076923076923,0.23893805309734514,0.35526315789473684
BLOG evaded,BERT large,ranks,Bins 50,GNB,0.2334630350194553,0.5309734513274337,0.32432432432432434
BLOG evaded,BERT large,ranks,Bins 10,GNB,0.045045045045045036,0.13274336283185842,0.06726457399103138
BLOG evaded,BERT large,ranks,VGG19,GNB,0.7037037037037037,0.5044247787610621,0.5876288659793815
BLOG evaded,BERT large,ranks,Bins 100,GNB,0.30049261083743845,0.5398230088495575,0.3860759493670886
BLOG evaded,BERT large,ranks,Bins 50,KNN,0.6730769230769231,0.6194690265486725,0.6451612903225806
BLOG evaded,BERT large,ranks,Bins 10,KNN,0.6421052631578947,0.5398230088495575,0.5865384615384615
BLOG evaded,BERT large,ranks,VGG19,KNN,0.75,0.4513274336283186,0.5635359116022098
BLOG evaded,BERT large,ranks,Bins 100,KNN,0.6936936936936937,0.6814159292035398,0.6875
BLOG evaded,BERT large,ranks,Bins 50,ANN,0.7407407407407407,0.5309734513274337,0.6185567010309277
BLOG evaded,BERT large,ranks,Bins 10,ANN,0.7111111111111111,0.5663716814159292,0.6305418719211823
BLOG evaded,BERT large,ranks,VGG19,ANN,0.7386363636363636,0.5752212389380531,0.6467661691542289
BLOG evaded,BERT large,ranks,Bins 100,ANN,0.7303370786516854,0.5752212389380531,0.6435643564356436
BLOG evaded,BERT large,ranks,Bins 50,SVM,0.6666666666666666,0.21238938053097345,0.32214765100671144
BLOG evaded,BERT large,ranks,Bins 10,SVM,0.6388888888888888,0.2035398230088496,0.3087248322147651
BLOG evaded,BERT large,ranks,VGG19,SVM,0.7875,0.5575221238938053,0.6528497409326425
BLOG evaded,BERT large,ranks,Bins 100,SVM,0.7058823529411765,0.21238938053097345,0.32653061224489793
BLOG evaded,BERT large,ranks,Bins 50,RFC,0.7560975609756098,0.2743362831858407,0.40259740259740256
BLOG evaded,BERT large,ranks,Bins 10,RFC,0.6521739130434783,0.13274336283185842,0.22058823529411767
BLOG evaded,BERT large,ranks,VGG19,RFC,0.7972972972972973,0.5221238938053098,0.6310160427807487
BLOG evaded,BERT large,ranks,Bins 100,RFC,0.7446808510638298,0.3097345132743363,0.4375
BLOG evaded,GPT-2 345M,probs,Bins 0.005,GNB,0.6,0.7964601769911505,0.6844106463878327
BLOG evaded,GPT-2 345M,probs,Bins 0.001,GNB,0.4903225806451613,0.6725663716814161,0.5671641791044776
BLOG evaded,GPT-2 345M,probs,VGG19,GNB,0.8536585365853658,0.6194690265486725,0.7179487179487178
BLOG evaded,GPT-2 345M,probs,Bins 0.010,GNB,0.6643356643356644,0.8407079646017699,0.7421875
BLOG evaded,GPT-2 345M,probs,Bins 0.005,KNN,0.8461538461538461,0.584070796460177,0.6910994764397905
BLOG evaded,GPT-2 345M,probs,Bins 0.001,KNN,0.8571428571428571,0.6902654867256637,0.7647058823529412
BLOG evaded,GPT-2 345M,probs,VGG19,KNN,0.8823529411764706,0.5309734513274337,0.6629834254143647
BLOG evaded,GPT-2 345M,probs,Bins 0.010,KNN,0.8947368421052632,0.6017699115044248,0.7195767195767196
BLOG evaded,GPT-2 345M,probs,Bins 0.005,ANN,0.7125,0.5044247787610621,0.5906735751295337
BLOG evaded,GPT-2 345M,probs,Bins 0.001,ANN,0.7142857142857143,0.6194690265486725,0.6635071090047393
BLOG evaded,GPT-2 345M,probs,VGG19,ANN,0.7894736842105263,0.6637168141592921,0.7211538461538461
BLOG evaded,GPT-2 345M,probs,Bins 0.010,ANN,0.7341772151898734,0.5132743362831859,0.6041666666666667
BLOG evaded,GPT-2 345M,probs,Bins 0.005,SVM,0.8928571428571429,0.22123893805309736,0.3546099290780142
BLOG evaded,GPT-2 345M,probs,Bins 0.001,SVM,0.9310344827586208,0.23893805309734514,0.38028169014084506
BLOG evaded,GPT-2 345M,probs,VGG19,SVM,0.8666666666666667,0.6902654867256637,0.768472906403941
BLOG evaded,GPT-2 345M,probs,Bins 0.010,SVM,0.8666666666666667,0.2300884955752213,0.3636363636363637
BLOG evaded,GPT-2 345M,probs,Bins 0.005,RFC,0.8518518518518519,0.2035398230088496,0.32857142857142857
BLOG evaded,GPT-2 345M,probs,Bins 0.001,RFC,0.8888888888888888,0.07079646017699115,0.13114754098360654
BLOG evaded,GPT-2 345M,probs,VGG19,RFC,0.935064935064935,0.6371681415929203,0.7578947368421053
BLOG evaded,GPT-2 345M,probs,Bins 0.010,RFC,0.8363636363636363,0.4070796460176992,0.5476190476190476
BLOG evaded,GPT-2 345M,ranks,Bins 50,GNB,0.11486486486486487,0.3008849557522124,0.1662591687041565
BLOG evaded,GPT-2 345M,ranks,Bins 10,GNB,0.0288659793814433,0.12389380530973453,0.04682274247491639
BLOG evaded,GPT-2 345M,ranks,VGG19,GNB,0.8173913043478261,0.831858407079646,0.8245614035087718
BLOG evaded,GPT-2 345M,ranks,Bins 100,GNB,0.20087336244541484,0.4070796460176992,0.2690058479532164
BLOG evaded,GPT-2 345M,ranks,Bins 50,KNN,0.8767123287671232,0.5663716814159292,0.6881720430107526
BLOG evaded,GPT-2 345M,ranks,Bins 10,KNN,0.8571428571428571,0.5309734513274337,0.6557377049180328
BLOG evaded,GPT-2 345M,ranks,VGG19,KNN,0.9718309859154928,0.6106194690265486,0.7500000000000001
BLOG evaded,GPT-2 345M,ranks,Bins 100,KNN,0.8734177215189873,0.6106194690265486,0.7187499999999999
BLOG evaded,GPT-2 345M,ranks,Bins 50,ANN,0.8160919540229885,0.6283185840707964,0.71
BLOG evaded,GPT-2 345M,ranks,Bins 10,ANN,0.7901234567901234,0.5663716814159292,0.6597938144329897
BLOG evaded,GPT-2 345M,ranks,VGG19,ANN,0.8415841584158416,0.7522123893805309,0.794392523364486
BLOG evaded,GPT-2 345M,ranks,Bins 100,ANN,0.8658536585365854,0.6283185840707964,0.7282051282051283
BLOG evaded,GPT-2 345M,ranks,Bins 50,SVM,0.8421052631578947,0.1415929203539823,0.2424242424242424
BLOG evaded,GPT-2 345M,ranks,Bins 10,SVM,0.9047619047619048,0.16814159292035402,0.28358208955223885
BLOG evaded,GPT-2 345M,ranks,VGG19,SVM,0.9176470588235294,0.6902654867256637,0.7878787878787877
BLOG evaded,GPT-2 345M,ranks,Bins 100,SVM,0.8947368421052632,0.1504424778761062,0.2575757575757576
BLOG evaded,GPT-2 345M,ranks,Bins 50,RFC,0.9375,0.13274336283185842,0.2325581395348837
BLOG evaded,GPT-2 345M,ranks,Bins 10,RFC,0.6666666666666666,0.017699115044247787,0.03448275862068965
BLOG evaded,GPT-2 345M,ranks,VGG19,RFC,0.8705882352941177,0.6548672566371682,0.7474747474747475
BLOG evaded,GPT-2 345M,ranks,Bins 100,RFC,0.8888888888888888,0.1415929203539823,0.2442748091603053
BLOG evaded,GPT-2 117M,probs,Bins 0.005,GNB,0.5487804878048781,0.7964601769911505,0.6498194945848376
BLOG evaded,GPT-2 117M,probs,Bins 0.001,GNB,0.4064171122994653,0.6725663716814161,0.5066666666666667
BLOG evaded,GPT-2 117M,probs,VGG19,GNB,0.6296296296296297,0.6017699115044248,0.6153846153846153
BLOG evaded,GPT-2 117M,probs,Bins 0.010,GNB,0.6510067114093959,0.8584070796460177,0.7404580152671756
BLOG evaded,GPT-2 117M,probs,Bins 0.005,KNN,0.8571428571428571,0.4778761061946903,0.6136363636363636
BLOG evaded,GPT-2 117M,probs,Bins 0.001,KNN,0.7647058823529411,0.5752212389380531,0.6565656565656565
BLOG evaded,GPT-2 117M,probs,VGG19,KNN,0.8421052631578947,0.4247787610619469,0.5647058823529412
BLOG evaded,GPT-2 117M,probs,Bins 0.010,KNN,0.8852459016393442,0.4778761061946903,0.6206896551724138
BLOG evaded,GPT-2 117M,probs,Bins 0.005,ANN,0.6021505376344086,0.4955752212389381,0.5436893203883496
BLOG evaded,GPT-2 117M,probs,Bins 0.001,ANN,0.4206896551724138,0.5398230088495575,0.4728682170542636
BLOG evaded,GPT-2 117M,probs,VGG19,ANN,0.6886792452830188,0.6460176991150443,0.6666666666666667
BLOG evaded,GPT-2 117M,probs,Bins 0.010,ANN,0.6538461538461539,0.4513274336283186,0.5340314136125655
BLOG evaded,GPT-2 117M,probs,Bins 0.005,SVM,0.875,0.18584070796460173,0.3065693430656934
BLOG evaded,GPT-2 117M,probs,Bins 0.001,SVM,0.875,0.18584070796460173,0.3065693430656934
BLOG evaded,GPT-2 117M,probs,VGG19,SVM,0.5760869565217391,0.4690265486725664,0.5170731707317073
BLOG evaded,GPT-2 117M,probs,Bins 0.010,SVM,0.8571428571428571,0.1592920353982301,0.26865671641791045
BLOG evaded,GPT-2 117M,probs,Bins 0.005,RFC,0.8421052631578947,0.1415929203539823,0.2424242424242424
BLOG evaded,GPT-2 117M,probs,Bins 0.001,RFC,0.75,0.02654867256637168,0.05128205128205128
BLOG evaded,GPT-2 117M,probs,VGG19,RFC,0.8589743589743589,0.5929203539823009,0.7015706806282723
BLOG evaded,GPT-2 117M,probs,Bins 0.010,RFC,0.7575757575757576,0.22123893805309736,0.3424657534246575
BLOG evaded,GPT-2 117M,ranks,Bins 50,GNB,0.06652360515021459,0.2743362831858407,0.10708117443868738
BLOG evaded,GPT-2 117M,ranks,Bins 10,GNB,0.02127659574468085,0.08849557522123894,0.03430531732418525
BLOG evaded,GPT-2 117M,ranks,VGG19,GNB,0.7522123893805309,0.7522123893805309,0.7522123893805309
BLOG evaded,GPT-2 117M,ranks,Bins 100,GNB,0.1282051282051282,0.3539823008849557,0.18823529411764706
BLOG evaded,GPT-2 117M,ranks,Bins 50,KNN,0.8676470588235294,0.5221238938053098,0.6519337016574586
BLOG evaded,GPT-2 117M,ranks,Bins 10,KNN,0.8813559322033898,0.4601769911504425,0.6046511627906976
BLOG evaded,GPT-2 117M,ranks,VGG19,KNN,0.9285714285714286,0.5752212389380531,0.7103825136612022
BLOG evaded,GPT-2 117M,ranks,Bins 100,KNN,0.8611111111111112,0.5486725663716814,0.6702702702702702
BLOG evaded,GPT-2 117M,ranks,Bins 50,ANN,0.7415730337078652,0.584070796460177,0.6534653465346535
BLOG evaded,GPT-2 117M,ranks,Bins 10,ANN,0.65,0.4601769911504425,0.538860103626943
BLOG evaded,GPT-2 117M,ranks,VGG19,ANN,0.8229166666666666,0.6991150442477876,0.7559808612440192
BLOG evaded,GPT-2 117M,ranks,Bins 100,ANN,0.7926829268292683,0.5752212389380531,0.6666666666666667
BLOG evaded,GPT-2 117M,ranks,Bins 50,SVM,0.8333333333333334,0.13274336283185842,0.2290076335877863
BLOG evaded,GPT-2 117M,ranks,Bins 10,SVM,0.8666666666666667,0.11504424778761065,0.203125
BLOG evaded,GPT-2 117M,ranks,VGG19,SVM,0.8902439024390244,0.6460176991150443,0.7487179487179487
BLOG evaded,GPT-2 117M,ranks,Bins 100,SVM,0.8125,0.11504424778761065,0.2015503875968992
BLOG evaded,GPT-2 117M,ranks,Bins 50,RFC,0.9230769230769232,0.10619469026548672,0.19047619047619047
BLOG evaded,GPT-2 117M,ranks,Bins 10,RFC,0.75,0.02654867256637168,0.05128205128205128
BLOG evaded,GPT-2 117M,ranks,VGG19,RFC,0.8571428571428571,0.6371681415929203,0.7309644670050761
BLOG evaded,GPT-2 117M,ranks,Bins 100,RFC,0.9090909090909092,0.08849557522123894,0.16129032258064516
